x1,T,P,gamma1,y1
0.001,373.07499752066633,101.325,1.6630011129212339,0.003696791577028723
0.004512562814070351,372.8120627655498,101.325,1.6578073939482205,0.01647966390880532
0.008025125628140704,372.5536776297433,101.325,1.652642685162591,0.028956256315885224
0.011537688442211053,372.29972195343873,101.325,1.6475068306923328,0.04113757874921546
0.015050251256281406,372.0500799621173,101.325,1.642399675832965,0.053034128611997425
0.018562814070351756,371.80464006080103,101.325,1.6373210670396172,0.0646559200251832
0.02207537688442211,371.5632946400298,101.325,1.63227085191918,0.07601251112472816
0.025587939698492462,371.3259398927833,101.325,1.6272488792225308,0.08711302954242588
0.029100502512562812,371.092475641623,101.325,1.62225499883684,0.09796619620898499
0.03261306532663316,370.86280517538614,101.325,1.6172890617779445,0.10858034760609363
0.03612562814070351,370.63683509481365,101.325,1.6123509201827984,0.11896345658345651
0.03963819095477387,370.41447516653864,101.325,1.607440427302,0.12912315184702183
0.04315075376884422,370.1956381849047,101.325,1.6025574374923823,0.13906673621577653
0.04666331658291457,369.98023984112166,101.325,1.597701806209687,0.14880120373644426
0.050175879396984924,369.76819859930225,101.325,1.5928733900013003,0.1583332557381467
0.05368844221105527,369.5594355789547,101.325,1.5880720464990672,0.16766931590242204
0.05720100502512562,369.3538744435375,101.325,1.583297634412171,0.17681554441798877
0.06071356783919597,369.1514412947083,101.325,1.5785500135200863,0.18577785128410315
0.06422613065326632,368.9520645719269,101.325,1.5738290446655998,0.19456190882137217
0.06773869346733667,368.7556749570933,101.325,1.5691345897479017,0.20317316344427988
0.07125125628140702,368.5622052839245,101.325,1.5644665117157421,0.21161684674550932
0.07476381909547739,368.3715904517943,101.325,1.5598246745606628,0.21989798593831122
0.07827638190954773,368.18376734377637,101.325,1.5552089433102871,0.22802141369966356
0.08178894472361808,367.99867474865204,101.325,1.550619184021686,0.23599177745377284
0.08530150753768843,367.81625328665564,101.325,1.5460552637748035,0.24381354813250486
0.08881407035175878,367.63644533874844,101.325,1.5415170506659535,0.25149102844666166
0.09232663316582913,367.45919497922284,101.325,1.5370044138013819,0.2590283606995086
0.09583919597989948,367.2844479114037,101.325,1.5325172232908888,0.26642953417123744
0.09935175879396985,367.1121514065883,101.325,1.528055350241525,0.2736983921044049
0.1028643216080402,366.94225424523756,101.325,1.523618666751342,0.2808386383076669
0.10637688442211055,366.77470666142517,101.325,1.5192070459032163,0.2878538434120648
0.1098894472361809,366.6094602894847,101.325,1.514820361758732,0.29474745079299297
0.11340201005025125,366.44646811311134,101.325,1.5104584893521256,0.3015227821816942
0.1169145728643216,366.2856844167224,101.325,1.5061213046842965,0.30818304298444527
0.12042713567839194,366.1270647389593,101.325,1.5018086847168821,0.31473132732699044
0.1239396984924623,365.9705658282198,101.325,1.4975205073663875,0.3211706228405556
0.12745226130653264,365.81614560011667,101.325,1.4932566514983856,0.32750381520469546
0.130964824120603,365.66376309676474,101.325,1.4890169969217706,0.33373369246123213
0.13447738693467334,365.5133784478031,101.325,1.48480142438308,0.33986294911253306
0.1379899497487437,365.3649528330666,101.325,1.4806098155608707,0.3458941900166121
0.14150251256281404,365.21844844682363,101.325,1.47644205306016,0.35182993409061303
0.1450150753768844,365.07382846350356,101.325,1.4722980204069234,0.3576726178335684
0.14852763819095477,364.93105700484034,101.325,1.4681776020426551,0.3634245986786145
0.1520402010050251,364.7900991083639,101.325,1.4640806833189826,0.36908815818414714
0.15555276381909547,364.65092069717383,101.325,1.4600071504923475,0.37466550507287955
0.1590653266331658,364.51348855093437,101.325,1.4559568907187372,0.38015877812715065
0.16257788944723617,364.3777702780324,101.325,1.4519297920484802,0.3855700489483264
0.1660904522613065,364.2437342888438,101.325,1.4479257434210973,0.39090132458765503
0.16960301507537687,364.1113497700558,101.325,1.4439446346602105,0.39615455005550115
0.17311557788944723,363.98058665999724,101.325,1.4399863564685091,0.4013316107154283
0.17662814070351757,363.8514156249285,101.325,1.436050800422773,0.4064343345692507
0.18014070351758793,363.72380803624947,101.325,1.4321378589689526,0.41146449443876554
0.18365326633165827,363.59773594858143,101.325,1.4282474254173065,0.41642381004959583
0.18716582914572863,363.4731720786853,101.325,1.424379393937592,0.4213139500221719
0.19067839195979897,363.3500897851774,101.325,1.420533659554314,0.4261365337746655
0.19419095477386933,363.2284630490076,101.325,1.4167101181420307,0.4308931333423754
0.1977035175879397,363.10826645466733,101.325,1.4129086664207104,0.43558527511777984
0.20121608040201003,362.9894751720932,101.325,1.4091292019511483,0.44021444151527983
0.2047286432160804,362.8720649392373,101.325,1.4053716231304338,0.44478207256438673
0.20824120603015073,362.7560120452757,101.325,1.4016358291874753,0.4492895674349168
0.2117537688442211,362.64129331442643,101.325,1.3979217201785776,0.4537382858975545
0.21526633165829143,362.52788609035207,101.325,1.394229196983075,0.45812954972294606
0.2187788944723618,362.41576822112063,101.325,1.3905581612990168,0.4624646440223004
0.22229145728643213,362.30491804470364,101.325,1.3869085156389074,0.46674481853238375
0.2258040201005025,362.19531437498637,101.325,1.3832801633254983,0.47097128884750566
0.22931658291457285,362.0869364883641,101.325,1.3796730084876365,0.47514523760272376
0.2328291457286432,361.97976411030857,101.325,1.3760869560561617,0.4792678156002183
0.23634170854271355,361.8737774034654,101.325,1.3725219117598606,0.4833401429087462
0.2398542713567839,361.7689569550172,101.325,1.3689777821214695,0.48736330989905163
0.24336683417085425,361.6652837651011,101.325,1.3654544744537338,0.4913383782487962
0.2468793969849246,361.56273923548423,101.325,1.3619518968555158,0.4952663819053311
0.2503919597989949,361.4613051586231,101.325,1.3584699582079567,0.4991483280106174
0.2539045226130653,361.36096370709123,101.325,1.3550085681706916,0.5029851977900215
0.25741708542713565,361.26169742336054,101.325,1.3515676371781125,0.5067779474065834
0.260929648241206,361.1634892099223,101.325,1.3481470764356858,0.510527508782379
0.2644422110552764,361.0663223197353,101.325,1.344746797916322,0.514234790388396
0.2679547738693467,360.9701803469875,101.325,1.3413667143567929,0.5179006780043502
0.27146733668341705,360.8750472181595,101.325,1.3380067392542048,0.5215260354497779
0.2749798994974874,360.78090718337876,101.325,1.3346667868625182,0.5251117052876434
0.2784924623115578,360.6877448080527,101.325,1.3313467721891217,0.5286585095017066
0.2820050251256281,360.5955449647707,101.325,1.3280466109914544,0.532167250148734
0.28551758793969845,360.5042928254644,101.325,1.3247662197736798,0.5356387099866923
0.2890301507537688,360.41397385381777,101.325,1.3215055157834132,0.5390736530799403
0.2925427135678392,360.3245737979156,101.325,1.3182644170084927,0.5424728253823791
0.29605527638190954,360.2360786831242,101.325,1.3150428421738063,0.5458369552995355
0.29956783919597985,360.14847480518927,101.325,1.311840710738168,0.549166754230345
0.3030804020100502,360.06174872357485,101.325,1.308657942891243,0.5524629170901479
0.3065929648241206,359.9758872549427,101.325,1.3054944595505242,0.5557261228137745
0.31010552763819094,359.8908774669193,101.325,1.3023501823583565,0.5589570348426849
0.3136180904522613,359.8067066720011,101.325,1.2992250336790145,0.5621563015939826
0.3171306532663316,359.72336242158354,101.325,1.2961189365958266,0.5653245569117739
0.32064321608040197,359.6408325003983,101.325,1.293031814908351,0.5684624205077249
0.32415577889447234,359.5591049208,101.325,1.2899635931296027,0.5715704983797562
0.3276683417085427,359.47816791746664,101.325,1.2869141964833257,0.574649383221551
0.331180904522613,359.3980099421598,101.325,1.2838835509013196,0.5776996548160923
0.33469346733668337,359.3186196586575,101.325,1.2808715830208133,0.5807218804162798
0.33820603015075373,359.23998593783614,101.325,1.2778782201818895,0.5837166151127793
0.3417185929648241,359.16209785289675,101.325,1.2749033904249594,0.5866844021896213
0.34523115577889446,359.08494467473207,101.325,1.2719470224882838,0.5896257734680486
0.34874371859296477,359.0085158674272,101.325,1.2690090458055476,0.5925412496390146
0.35225628140703513,358.9328010838912,101.325,1.2660893905034838,0.5954313405848486
0.3557688442211055,358.85779016161547,101.325,1.263187987399542,0.598296545690478
0.35928140703517586,358.7834731185529,101.325,1.2603047679996149,0.601137354144583
0.36279396984924617,358.7098401491155,101.325,1.257439664495807,0.6039542452311188
0.36630653266331653,358.63688162028626,101.325,1.2545926097642577,0.6067476886115531
0.3698190954773869,358.56458806784065,101.325,1.2517635373630103,0.6095181445981473
0.37333165829145726,358.49295019267555,101.325,1.2489523815299368,0.61226606441869
0.3768442211055276,358.42195885724124,101.325,1.246159077180706,0.6149918904729185
0.38035678391959793,358.3516050820731,101.325,1.243383559906805,0.617696056581007
0.3838693467336683,358.2818800424209,101.325,1.24062576597361,0.6203789882244107
0.38738190954773866,358.2127750649709,101.325,1.237885632318509,0.6230411027792954
0.390894472361809,358.1442816246597,101.325,1.2351630965490699,0.625682809742904
0.3944070351758794,358.0763913415754,101.325,1.2324580969412655,0.6283045109530865
0.3979195979899497,358.00909597794447,101.325,1.2297705724377426,0.6309066008012142
0.40143216080402006,357.942387435201,101.325,1.2271004626461461,0.6334894664387868
0.4049447236180904,357.87625775113656,101.325,1.22444770783749,0.6360534879779246
0.4084572864321608,357.8106990970022,101.325,1.2218122489445835,0.638599038682923
0.4119698492462311,357.74570377527704,101.325,1.2191940275605042,0.641126485170453
0.41548241206030145,357.6812642163873,101.325,1.2165929859371225,0.6436361875771532
0.4189949748743718,357.6173729765656,101.325,1.21400906698368,0.64612849974777
0.4225075376884422,357.5540227352687,101.325,1.211442214265418,0.648603769405915
0.42602010050251254,357.491206292759,101.325,1.208892372002253,0.6510623383222405
0.42953266331658285,357.4289165677518,101.325,1.2063594850675128,0.6535045424779424
0.4330452261306532,357.36714659512467,101.325,1.203843498986716,0.655930712223655
0.4365577889447236,357.3058895236883,101.325,1.2013443599364069,0.6583411724339749
0.44007035175879394,357.2451386140166,101.325,1.1988620147430444,0.6607362426577673
0.44358291457286425,357.1848872363347,101.325,1.1963964108819398,0.6631162372643391
0.4470954773869346,357.12512886846224,101.325,1.19394749647625,0.6654814655856944
0.450608040201005,357.0658570938122,101.325,1.1915152202960206,0.667832232054985
0.45412060301507534,357.0070655994418,101.325,1.1890995317572863,0.6701688363412825
0.4576331658291457,356.94874817415507,101.325,1.1867003809212207,0.6724915734808059
0.461145728643216,356.8908987066558,101.325,1.1843177184933409,0.6748007340047331
0.4646582914572864,356.8335111837486,101.325,1.1819514958227675,0.6770966040637086
0.46817085427135674,356.77657968858784,101.325,1.1796016649015375,0.6793794655491673
0.4716834170854271,356.72009839897265,101.325,1.1772681783639694,0.6816495962116077
0.4751959798994974,356.6640615856864,101.325,1.1749509894860881,0.6839072697758526
0.4787085427135678,356.60846361088,101.325,1.1726500521851002,0.6861527560534874
0.48222110552763814,356.55329892649826,101.325,1.1703653210189273,0.6883863210525328
0.4857336683417085,356.4985620727469,101.325,1.1680967511857918,0.6906082270844183
0.48924623115577887,356.44424767660036,101.325,1.1658442985238646,0.6928187328684193
0.4927587939698492,356.3903504503491,101.325,1.1636079195109619,0.6950180936336007
0.49627135678391954,356.33686519018477,101.325,1.1613875712643038,0.6972065612183476
0.4997839195979899,356.28378677482306,101.325,1.159183211540328,0.6993843841676062
0.5032964824120603,356.2311101641633,101.325,1.1569947987345621,0.701551807827883
0.5068090452261306,356.1788303979826,101.325,1.1548222918815507,0.7037090744400788
0.510321608040201,356.12694259466616,101.325,1.1526656506548456,0.7058564232302666
0.5138341708542713,356.0754419499702,101.325,1.1505248353670494,0.7079940904984674
0.5173467336683416,356.02432373581854,101.325,1.1483998069699237,0.7101223097054615
0.520859296482412,355.9735832991312,101.325,1.1462905270545503,0.7122413115577684
0.5243718592964823,355.92321606068475,101.325,1.1441969578515585,0.7143513240908244
0.5278844221105528,355.87321751400344,101.325,1.1421190622314095,0.7164525727504062
0.5313969849246231,355.8235832242805,101.325,1.140056803704742,0.7185452804724197
0.5349095477386934,355.77430882732807,101.325,1.138010146422781,0.7206296677610383
0.5384221105527638,355.7253900285575,101.325,1.1359790551778037,0.7227059527653377
0.5419346733668341,355.6768226019862,101.325,1.1339634954036761,0.724774351354398
0.5454472361809045,355.6286023892727,101.325,1.1319634331764437,0.7268350771909712
0.5489597989949748,355.5807252987795,101.325,1.129978835214991,0.7288883418038172
0.5524723618090451,355.53318730466026,101.325,1.1280096688817653,0.7309343546586257
0.5559849246231156,355.485984445975,101.325,1.1260559021835599,0.7329733232277318
0.5594974874371859,355.4391128258295,101.325,1.1241175037723699,0.7350054530585503
0.5630100502512562,355.39256861053934,101.325,1.1221944429463075,0.7370309478408676
0.5665226130653266,355.34634802881925,101.325,1.1202866896505872,0.7390500094729678
0.5700351758793969,355.3004473709953,101.325,1.1183942144785783,0.7410628381266784
0.5735477386934673,355.2548629882413,101.325,1.1165169886729212,0.7430696323113872
0.5770603015075376,355.2095912918376,101.325,1.114654984126718,0.7450705889370334
0.5805728643216079,355.16462875245287,101.325,1.112808173384786,0.7470659033761532
0.5840854271356783,355.11997189944776,101.325,1.1109765296449867,0.749055769525009
0.5875979899497487,355.07561732020076,101.325,1.1091600267596213,0.7510403798638413
0.5911105527638191,355.0315616594549,101.325,1.1073586392368977,0.7530199255162794
0.5946231155778894,354.9878016186863,101.325,1.105572342242473,0.7549945963079533
0.5981356783919597,354.94433395549237,101.325,1.103801111601064,0.7569645808243461
0.6016482412060301,354.90115548300156,101.325,1.1020449237981338,0.7589300664679359
0.6051608040201004,354.85826306930244,101.325,1.1003037559816535,0.7608912395146274
0.6086733668341708,354.8156536368929,101.325,1.0985775859639364,0.7628482851695523
0.6121859296482411,354.77332416214887,101.325,1.096866392223551,0.7648013876222516
0.6156984924623115,354.73127167481204,101.325,1.095170153907309,0.7667507301012465
0.6192110552763819,354.689493257497,101.325,1.093488850832331,0.7686964949281192
0.6227236180904522,354.64798604521656,101.325,1.0918224634881932,0.770638863571026
0.6262361809045226,354.6067472249262,101.325,1.0901709730391493,0.7725780166977516
0.6297487437185929,354.56577403508646,101.325,1.088534361326439,0.7745141342283205
0.6332613065326632,354.5250637652434,101.325,1.0869126108706715,0.7764473953871718
0.6367738693467336,354.4846137556271,101.325,1.085305704874296,0.7783779787549695
0.6402864321608039,354.4444213967678,101.325,1.0837136272241548,0.7803060623200382
0.6437989949748743,354.40448412912974,101.325,1.082136362494119,0.7822318235294959
0.6473115577889447,354.36479944276215,101.325,1.080573895947812,0.7841554393400773
0.650824120603015,354.3253648769674,101.325,1.0790262135414195,0.7860770862686893
0.6543366834170854,354.28617801998683,101.325,1.077493301926585,0.7879969404427627
0.6578492462311557,354.24723650870266,101.325,1.0759751484533986,0.7899151776503646
0.661361809045226,354.20853802835757,101.325,1.0744717411734694,0.7918319733901631
0.6648743718592964,354.17008031229057,101.325,1.0729830688430968,0.7937475029212386
0.6683869346733667,354.1318611416897,101.325,1.071509120926528,0.7956619413127749
0.6718994974874372,354.093878345361,101.325,1.0700498875993127,0.7975754634936673
0.6754120603015075,354.0561297995146,101.325,1.0686053597517517,0.7994882443020781
0.6789246231155778,354.0186134275664,101.325,1.067175528992441,0.8014004585349589
0.6824371859296482,353.9813271999569,101.325,1.065760387651916,0.803312280997591
0.6859497487437185,353.9442691339858,101.325,1.0643599287863912,0.8052238865531088
0.6894623115577889,353.90743729366363,101.325,1.062974146181603,0.8071354501721578
0.6929748743718592,353.8708297895786,101.325,1.0616030343567535,0.8090471469825666
0.6964874371859295,353.8344447787804,101.325,1.0602465885685568,0.8109591523191731
0.7,353.79828046468083,101.325,1.0589048048153904,0.8128716417738182
0.701,353.78802487279717,101.325,1.058525489944959,0.813416226040397
0.702,353.77778698647967,101.325,1.0581473630965779,0.8139608678627449
0.703,353.7675667663301,101.325,1.057770424211158,0.8145055713070855
0.704,353.7573641732532,101.325,1.0573946732345558,0.8150503404421625
0.705,353.74717916845714,101.325,1.0570201101175813,0.8155951793393547
0.706,353.7370117134532,101.325,1.0566467348160058,0.8161400920727714
0.707,353.7268617700558,101.325,1.0562745472905726,0.8166850827193345
0.708,353.7167293003824,101.325,1.0559035475070033,0.8172301553588946
0.709,353.7066142668534,101.325,1.0555337354360073,0.817775314074307
0.71,353.69651663219213,101.325,1.055165111053291,0.8183205629515351
0.711,353.6864363594248,101.325,1.054797674339566,0.8188659060797489
0.712,353.67637341188066,101.325,1.054431425280558,0.8194113475514142
0.713,353.6663277531916,101.325,1.054066363867016,0.8199568914623877
0.714,353.6562993472923,101.325,1.053702490094721,0.8205025419120249
0.715,353.64628815842065,101.325,1.0533398039644948,0.8210483030032666
0.716,353.636294151117,101.325,1.0529783054822088,0.8215941788427289
0.717,353.62631729022473,101.325,1.0526179946587948,0.8221401735408235
0.718,353.6163575408902,101.325,1.0522588715102525,0.8226862912118308
0.719,353.6064148685624,101.325,1.051900936057659,0.8232325359739957
0.72,353.5964892389936,101.325,1.0515441883271788,0.8237789119496574
0.721,353.5865806182389,101.325,1.0511886283500727,0.8243254232653034
0.722,353.5766889726566,101.325,1.050834256162707,0.8248720740516988
0.723,353.566814268908,101.325,1.050481071806564,0.8254188684439743
0.724,353.5569564739576,101.325,1.0501290753282506,0.8259658105817121
0.725,353.54711555507356,101.325,1.0497782667795081,0.8265129046090738
0.726,353.537291479827,101.325,1.0494286462172222,0.827060154674863
0.727,353.5274842160928,101.325,1.049080213703433,0.8276075649326547
0.728,353.51769373204945,101.325,1.048732969305344,0.8281551395408769
0.729,353.50791999617906,101.325,1.0483869130953325,0.8287028826629128
0.73,353.4981629772678,101.325,1.04804204515096,0.8292507984672056
0.731,353.4884226444057,101.325,1.0476983655549812,0.8297988911273557
0.732,353.47869896698717,101.325,1.047355874395355,0.8303471648222162
0.733,353.4689919147107,101.325,1.0470145717652541,0.8308956237360043
0.734,353.4593014575795,101.325,1.0466744577630758,0.8314442720583898
0.735,353.44962756590127,101.325,1.0463355324924513,0.8319931139846047
0.736,353.43997021028866,101.325,1.0459977960622573,0.8325421537155354
0.737,353.4303293616594,101.325,1.0456612485866257,0.8330913954578337
0.738,353.42070499123656,101.325,1.045325890184954,0.8336408434240171
0.739,353.4110970705485,101.325,1.0449917209819162,0.8341905018325665
0.74,353.4015055714294,101.325,1.044658741107473,0.8347403749080315
0.741,353.39193046601935,101.325,1.044326950696884,0.8352904668811318
0.742,353.3823717267646,101.325,1.0439963498907154,0.8358407819888573
0.743,353.3728293264179,101.325,1.0436669388348545,0.8363913244745814
0.744,353.3633032380386,101.325,1.0433387176805178,0.836942098588157
0.745,353.3537934349931,101.325,1.043011686584263,0.8374931085860211
0.746,353.34429989095497,101.325,1.0426858457080004,0.8380443587312998
0.747,353.33482257990516,101.325,1.0423611952190037,0.838595853293907
0.748,353.3253614761329,101.325,1.042037735289921,0.8391475965506718
0.749,353.31591655423506,101.325,1.0417154660987862,0.8396995927854103
0.75,353.30648778911717,101.325,1.0413943878290304,0.8402518462890622
0.751,353.2970751559936,101.325,1.041074500669493,0.8408043613597727
0.752,353.28767863038763,101.325,1.0407558048144343,0.8413571423030156
0.753,353.2782981881323,101.325,1.040438300463545,0.8419101934317013
0.754,353.2689338053701,101.325,1.0401219878219592,0.842463519066261
0.755,353.259585458554,101.325,1.0398068671002672,0.8430171235347881
0.756,353.2502531244475,101.325,1.0394929385145237,0.8435710111731205
0.757,353.24093678012474,101.325,1.0391802022862642,0.8441251863249516
0.758,353.2316364029715,101.325,1.038868658642513,0.8446796533419525
0.759,353.22235197068517,101.325,1.0385583078157974,0.8452344165838768
0.76,353.2130834612753,101.325,1.038249150044159,0.8457894804186625
0.7609999999999999,353.2038308530641,101.325,1.0379411855711664,0.8463448492225438
0.762,353.1945941246868,101.325,1.037634414645926,0.8469005273801754
0.7629999999999999,353.1853732550916,101.325,1.0373288375230967,0.8474565192847128
0.764,353.1761682235414,101.325,1.0370244544628993,0.8480128293379741
0.7649999999999999,353.1669790096129,101.325,1.036721265731132,0.8485694619504878
0.766,353.1578055931977,101.325,1.0364192715991802,0.849126421541662
0.7669999999999999,353.14864795450296,101.325,1.0361184723440313,0.8496837125398651
0.768,353.13950607405155,101.325,1.0358188682482856,0.8502413393825574
0.7689999999999999,353.1303799326825,101.325,1.03552045960017,0.8507993065163748
0.77,353.1212695115518,101.325,1.035223246693551,0.8513576183972824
0.7709999999999999,353.1121747921329,101.325,1.0349272298279473,0.8519162794906634
0.772,353.103095756217,101.325,1.034632409308542,0.8524752942714462
0.7729999999999999,353.09403238591375,101.325,1.0343387854461974,0.8530346672242041
0.7739999999999999,353.0849846636519,101.325,1.0340463585574664,0.8535944028432904
0.7749999999999999,353.0759525721795,101.325,1.0337551289646072,0.8541545056329454
0.7759999999999999,353.06693609456505,101.325,1.033465096995595,0.8547149801074169
0.7769999999999999,353.05793521419764,101.325,1.0331762629841372,0.855275830791072
0.7779999999999999,353.0489499147875,101.325,1.0328886272696856,0.8558370622185196
0.7789999999999999,353.03998018036714,101.325,1.03260219019745,0.8563986789347366
0.7799999999999999,353.0310259952913,101.325,1.0323169521184126,0.8569606854951723
0.7809999999999999,353.02208734423806,101.325,1.032032913389341,0.8575230864658796
0.7819999999999999,353.0131642122092,101.325,1.031750074372802,0.8580858864236192
0.7829999999999999,353.00425658453094,101.325,1.0314684354371766,0.8586490899560117
0.7839999999999999,352.9953644468549,101.325,1.0311879969566724,0.8592127016616369
0.7849999999999999,352.98648778515815,101.325,1.0309087593113382,0.8597767261501391
0.7859999999999999,352.9776265857445,101.325,1.0306307228870788,0.8603411680424008
0.7869999999999999,352.9687808352446,101.325,1.0303538880756686,0.8609060319706094
0.7879999999999999,352.95995052061727,101.325,1.0300782552747654,0.8614713225784185
0.7889999999999999,352.9511356291498,101.325,1.0298038248879262,0.8620370445210543
0.7899999999999999,352.9423361484589,101.325,1.0295305973246207,0.8626032024654647
0.7909999999999999,352.9335520664912,101.325,1.0292585730002453,0.8631698010904043
0.7919999999999999,352.9247833715241,101.325,1.0289877523361395,0.8637368450865958
0.7929999999999999,352.9160300521668,101.325,1.0287181357595987,0.864304339156848
0.7939999999999999,352.90729209736054,101.325,1.0284497237038905,0.864872288016174
0.7949999999999999,352.89856949638,101.325,1.028182516608269,0.8654406963919279
0.7959999999999999,352.88986223883353,101.325,1.0279165149179896,0.8660095690239363
0.7969999999999999,352.88117031466413,101.325,1.0276517190843244,0.8665789106646131
0.7979999999999999,352.8724937141506,101.325,1.0273881295645775,0.867148726079113
0.7989999999999999,352.86383242790805,101.325,1.0271257468220998,0.867719020045439
0.7999999999999999,352.8551864468886,101.325,1.0268645713263045,0.8682897973545928
0.8009999999999999,352.84655576238265,101.325,1.0266046035526837,0.8688610628106929
0.8019999999999999,352.83794036601944,101.325,1.0263458439828212,0.8694328212311198
0.8029999999999999,352.82934024976805,101.325,1.0260882931044115,0.8700050774466394
0.8039999999999999,352.8207554059382,101.325,1.025831951411273,0.8705778363015442
0.8049999999999999,352.8121858271813,101.325,1.025576819403365,0.8711511026537818
0.8059999999999999,352.80363150649106,101.325,1.0253228975868027,0.8717248813750988
0.8069999999999999,352.79509243720474,101.325,1.025070186473875,0.8722991773511695
0.8079999999999999,352.78656861300425,101.325,1.024818686583058,0.8728739954817537
0.8089999999999999,352.77806002791624,101.325,1.024568398439034,0.8734493406807903
0.8099999999999999,352.7695666763142,101.325,1.024319322572705,0.8740252178765942
0.8109999999999999,352.76108855291847,101.325,1.0240714595212115,0.8746016320119485
0.8119999999999999,352.75262565279786,101.325,1.0238248098279479,0.875178588044264
0.813,352.7441779713703,101.325,1.0235793740425783,0.8757560909457267
0.814,352.7357455044041,101.325,1.0233351527210546,0.8763341457034348
0.815,352.72732824801875,101.325,1.0230921464256328,0.8769127573195311
0.816,352.7189261986861,101.325,1.0228503557248894,0.8774919308113603
0.817,352.71053935323135,101.325,1.0226097811937387,0.8780716712116055
0.818,352.702167708834,101.325,1.0223704234134499,0.8786519835684382
0.819,352.6938112630293,101.325,1.0221322829716641,0.8792328729456681
0.82,352.685470013709,101.325,1.0218953604624124,0.8798143444228815
0.821,352.67714395912236,101.325,1.0216596564861313,0.8803964030955883
0.822,352.6688330978778,101.325,1.0214251716496823,0.8809790540753853
0.823,352.6605374289433,101.325,1.0211919065663682,0.8815623024900879
0.824,352.6522569516483,101.325,1.0209598618559514,0.8821461534838978
0.825,352.6439916656841,101.325,1.0207290381446712,0.8827306122175314
0.826,352.6357415711058,101.325,1.0204994360652622,0.8833156838684108
0.827,352.6275066683327,101.325,1.020271056256971,0.8839013736307665
0.828,352.6192869581503,101.325,1.0200438993655765,0.8844876867158394
0.829,352.6110824417108,101.325,1.0198179660434057,0.8850746283520015
0.83,352.60289312053465,101.325,1.0195932569493538,0.8856622037849383
0.831,352.59471899651186,101.325,1.019369772748902,0.8862504182777828
0.832,352.5865600719032,101.325,1.0191475141141348,0.886839277111291
0.833,352.5784163493412,101.325,1.0189264817237613,0.8874287855839844
0.834,352.570287831832,101.325,1.018706676263131,0.8880189490123424
0.835,352.56217452275604,101.325,1.0184880984242544,0.8886097727309186
0.836,352.5540764258696,101.325,1.0182707489058214,0.8892012620925345
0.837,352.5459935453063,101.325,1.0180546284132206,0.8897934224684345
0.838,352.5379258855784,101.325,1.017839737658558,0.8903862592484515
0.839,352.5298734515777,101.325,1.0176260773606765,0.8909797778411699
0.84,352.52183624857753,101.325,1.0174136482451754,0.8915739836740858
0.841,352.5138142822339,101.325,1.0172024510444297,0.8921688821937974
0.842,352.50580755858664,101.325,1.0169924864976096,0.8927644788661343
0.843,352.4978160840612,101.325,1.0167837553507006,0.8933607791763735
0.844,352.4898398654699,101.325,1.0165762583565225,0.893957788629367
0.845,352.4818789100133,101.325,1.0163699962747508,0.8945555127497476
0.846,352.47393322528177,101.325,1.0161649698719348,0.8951539570820837
0.847,352.46600281925714,101.325,1.0159611799215194,0.8957531271910506
0.848,352.4580877003137,101.325,1.0157586272038646,0.8963530286616249
0.849,352.4501878772204,101.325,1.015557312506266,0.8969536670992433
0.85,352.4423033591414,101.325,1.0153572366229755,0.8975550481299798
0.851,352.43443415563877,101.325,1.0151584003552212,0.8981571774007382
0.852,352.4265802766731,101.325,1.0149608045112295,0.8987600605794254
0.853,352.41874173260567,101.325,1.0147644499062445,0.8993637033551266
0.854,352.4109185341996,101.325,1.01456933736255,0.8999681114382946
0.855,352.4031106926218,101.325,1.01437546770949,0.9005732905609333
0.856,352.3953182194443,101.325,1.0141828417834904,0.9011792464767764
0.857,352.38754112664617,101.325,1.0139914604280795,0.9017859849614828
0.858,352.3797794266151,101.325,1.0138013244939106,0.9023935118128229
0.859,352.3720331321488,101.325,1.0136124348387832,0.9030018328508581
0.86,352.36430225645705,101.325,1.0134247923276634,0.9036109539181418
0.861,352.35658681316323,101.325,1.0132383978327077,0.9042208808798975
0.862,352.3488868163061,101.325,1.0130532522332845,0.9048316196242329
0.863,352.3412022803415,101.325,1.0128693564159945,0.9054431760623146
0.864,352.3335332201441,101.325,1.012686711274695,0.9060555561285697
0.865,352.3258796510091,101.325,1.0125053177105212,0.9066687657808892
0.866,352.31824158865425,101.325,1.0123251766319086,0.9072828110008088
0.867,352.3106190492216,101.325,1.012146288954616,0.9078976977937389
0.868,352.3030120492789,101.325,1.0119686556017482,0.9085134321891257
0.869,352.29542060582236,101.325,1.011792277503778,0.909130020240696
0.87,352.28784473627735,101.325,1.0116171555985707,0.909747468026618
0.871,352.28028445850157,101.325,1.011443290831405,0.9103657816497542
0.872,352.2727397907856,101.325,1.011270684154999,0.9109849672378229
0.873,352.265210751856,101.325,1.011099336529531,0.9116050309436371
0.874,352.25769736087653,101.325,1.0109292489226647,0.9122259789453061
0.875,352.25019963745046,101.325,1.0107604223095714,0.9128478174464371
0.876,352.2427176016223,101.325,1.010592857672955,0.9134705526763639
0.877,352.23525127381396,101.325,1.0104265560030756,0.9140941908879769
0.8779999999999999,352.22780067508995,101.325,1.0102615182977732,0.9147187383674042
0.879,352.2203658267659,101.325,1.0100977455624918,0.915344201420096
0.8799999999999999,352.2129467506719,101.325,1.009935238810304,0.9159705863804093
0.881,352.2055434690899,101.325,1.0097739990619352,0.9165978996095357
0.8819999999999999,352.19815600475505,101.325,1.0096140273457885,0.9172261474956732
0.883,352.19078438085864,101.325,1.009455324697969,0.9178553364542844
0.8839999999999999,352.18342862105,101.325,1.009297892162309,0.9184854729283272
0.885,352.17608874943807,101.325,1.0091417307903927,0.9191165633884508
0.8859999999999999,352.1687647905943,101.325,1.0089868416415815,0.9197486143332371
0.887,352.1614567695547,101.325,1.0088332257830392,0.9203816322894665
0.8879999999999999,352.1541647118217,101.325,1.0086808842897574,0.9210156238122851
0.889,352.1468886433669,101.325,1.0085298182445814,0.921650595485504
0.8899999999999999,352.1396285906328,101.325,1.008380028738235,0.9222865539217976
0.891,352.13238458053576,101.325,1.0082315168693472,0.9229235057629548
0.8919999999999999,352.1251566404674,101.325,1.0080842837444783,0.9235614576801023
0.893,352.11794479829797,101.325,1.0079383304781453,0.9242004163739816
0.8939999999999999,352.11074908237794,101.325,1.0077936581928484,0.9248403885751612
0.895,352.10356952154046,101.325,1.0076502680190977,0.9254813810442872
0.8959999999999999,352.0964061451042,101.325,1.00750816109544,0.9261234005723447
0.897,352.0892589828753,101.325,1.0073673385684847,0.9267664539808992
0.8979999999999999,352.08212806515013,101.325,1.0072278015929312,0.9274105481223455
0.899,352.07501342271746,101.325,1.0070895513315963,0.9280556898801545
0.8999999999999999,352.06791508686126,101.325,1.0069525889554407,0.9287018861691552
0.901,352.06083308936303,101.325,1.0068169156435964,0.9293491439357646
0.9019999999999999,352.0537674625042,101.325,1.0066825325833946,0.9299974701582441
0.903,352.04671823906915,101.325,1.0065494409703934,0.9306468718470002
0.9039999999999999,352.03968545234744,101.325,1.006417642008405,0.9312973560448073
0.905,352.0326691361362,101.325,1.0062871369095239,0.9319489298270761
0.9059999999999999,352.02566932474343,101.325,1.0061579268941558,0.9326016003021587
0.907,352.0186860529899,101.325,1.0060300131910442,0.9332553746115628
0.9079999999999999,352.01171935621267,101.325,1.0059033970373008,0.9339102599302843
0.909,352.0047692702668,101.325,1.0057780796784321,0.9345662634670224
0.9099999999999999,351.99783583152913,101.325,1.00565406236837,0.9352233924645031
0.9109999999999999,351.9909190769002,101.325,1.0055313463695,0.9358816541997299
0.9119999999999999,351.98401904380745,101.325,1.0054099329526887,0.9365410559842757
0.9129999999999999,351.9771357702079,101.325,1.0052898233973162,0.9372016051645635
0.9139999999999999,351.97026929459105,101.325,1.005171018991303,0.9378633091221461
0.9149999999999999,351.96341965598185,101.325,1.0050535210311404,0.9385261752740146
0.9159999999999999,351.9565868939433,101.325,1.00493733082192,0.9391902110728665
0.9169999999999999,351.94977104857963,101.325,1.0048224496773646,0.9398554240073986
0.9179999999999999,351.9429721605389,101.325,1.0047088789198562,0.940521821602608
0.9189999999999999,351.9361902710166,101.325,1.0045966198804688,0.9411894114201045
0.9199999999999999,351.929425421758,101.325,1.0044856738989965,0.941858201058392
0.9209999999999999,351.9226776550614,101.325,1.0043760423239854,0.9425281981531538
0.9219999999999999,351.9159470137815,101.325,1.0042677265127649,0.9431994103776106
0.9229999999999999,351.9092335413318,101.325,1.0041607278314761,0.943871845442764
0.9239999999999999,351.90253728168835,101.325,1.0040550476551062,0.9445455110977612
0.9249999999999999,351.89585827939266,101.325,1.0039506873675172,0.9452204151301649
0.9259999999999999,351.88919657955495,101.325,1.0038476483614782,0.9458965653663123
0.9269999999999999,351.88255222785693,101.325,1.003745932038698,0.9465739696715763
0.9279999999999999,351.87592527055574,101.325,1.0036455398098554,0.9472526359507372
0.9289999999999999,351.8693157544864,101.325,1.0035464730946315,0.9479325721482811
0.9299999999999999,351.86272372706605,101.325,1.003448733321743,0.9486137862487246
0.9309999999999999,351.8561492362962,101.325,1.0033523219289728,0.9492962862769562
0.9319999999999999,351.84959233076705,101.325,1.0032572403632043,0.9499800802985532
0.9329999999999999,351.84305305966006,101.325,1.003163490080453,0.9506651764201196
0.9339999999999999,351.83653147275203,101.325,1.0030710725458991,0.9513515827896394
0.9349999999999999,351.8300276204183,101.325,1.0029799892339217,0.9520393075967936
0.9359999999999999,351.8235415536358,101.325,1.0028902416281316,0.9527283590732978
0.9369999999999999,351.81707332398713,101.325,1.0028018312214038,0.9534187454932895
0.938,351.81062298366413,101.325,1.0027147595159132,0.9541104751736293
0.939,351.80419058547085,101.325,1.0026290280231662,0.9548035564742748
0.94,351.7977761828278,101.325,1.0025446382640362,0.9554979977986416
0.941,351.79137982977505,101.325,1.0024615917687971,0.9561938075939345
0.942,351.7850015809763,101.325,1.0023798900771583,0.9568909943515356
0.943,351.7786414917227,101.325,1.0022995347382986,0.9575895666073726
0.944,351.77229961793574,101.325,1.0022205273109015,0.9582895329422392
0.945,351.76597601617203,101.325,1.0021428693631902,0.9589909019822166
0.946,351.7596707436268,101.325,1.0020665624729619,0.9596936823990303
0.947,351.7533838581373,101.325,1.001991608227625,0.960397882910413
0.948,351.7471154181872,101.325,1.0019180082242327,0.9611035122805012
0.949,351.7408654829102,101.325,1.00184576406952,0.961810579320207
0.95,351.7346341120943,101.325,1.0017748773799393,0.962519092887629
0.951,351.7284213661855,101.325,1.0017053497816968,0.9632290618884027
0.9519795918367346,351.7223535284887,101.325,1.0016385604589741,0.9639259615303256
0.9529591836734693,351.71630367995533,101.325,1.0015730784374022,0.9646242748595603
0.953938775510204,351.71027187926506,101.325,1.001508905273069,0.9653240103825044
0.9549183673469387,351.70425818571806,101.325,1.0014460425311773,0.9660251766507895
0.9558979591836735,351.6982626592394,101.325,1.0013844917860792,0.9667277822616652
0.9568775510204082,351.6922853603825,101.325,1.001324254621309,0.9674318358583808
0.9578571428571429,351.68632635033305,101.325,1.001265332629618,0.9681373461305232
0.9588367346938775,351.68038569091266,101.325,1.0012077274130078,0.9688443218144345
0.9598163265306122,351.6744634445834,101.325,1.0011514405827646,0.969552771693574
0.9607959183673469,351.6685596744508,101.325,1.0010964737594952,0.9702627045988904
0.9617755102040816,351.66267444426865,101.325,1.0010428285731594,0.9709741294092286
0.9627551020408163,351.65680781844264,101.325,1.0009905066631066,0.9716870550517244
0.963734693877551,351.65095986203414,101.325,1.0009395096781104,0.9724014905021681
0.9647142857142856,351.645130640765,101.325,1.0008898392764036,0.9731174447854412
0.9656938775510204,351.63932022102097,101.325,1.000841497125714,0.9738349269758863
0.9666734693877551,351.63352866985633,101.325,1.0007944849033,0.9745539461977406
0.9676530612244898,351.6277560549977,101.325,1.0007488042959862,0.975274511625512
0.9686326530612245,351.6220024448486,101.325,1.0007044570002002,0.9759966324844219
0.9696122448979592,351.61626790849346,101.325,1.0006614447220077,0.9767203180507982
0.9705918367346938,351.61055251570224,101.325,1.0006197691771501,0.9774455776525189
0.9715714285714285,351.60485633693446,101.325,1.0005794320910806,0.978172420669411
0.9725510204081632,351.59917944334376,101.325,1.0005404351990008,0.978900856533692
0.9735306122448979,351.5935219067822,101.325,1.0005027802458988,0.9796308947303948
0.9745102040816326,351.58788379980507,101.325,1.0004664689865852,0.9803625447978165
0.9754897959183674,351.5822651956747,101.325,1.0004315031857316,0.9810958163279323
0.9764693877551021,351.57666616836605,101.325,1.000397884617908,0.981830718966875
0.9774489795918367,351.57108679257,101.325,1.0003656150676201,0.9825672624153354
0.9784285714285714,351.5655271436994,101.325,1.0003346963293487,0.9833054564290661
0.9794081632653061,351.5599872978926,101.325,1.0003051302075865,0.9840453108192843
0.9803877551020408,351.55446733201853,101.325,1.0002769185168778,0.9847868354531774
0.9813673469387755,351.548967323682,101.325,1.0002500630818572,0.9855300402543383
0.9823469387755102,351.54348735122767,101.325,1.0002245657372877,0.9862749352032432
0.9833265306122448,351.53802749374523,101.325,1.0002004283281007,0.9870215303377231
0.9843061224489795,351.53258783107464,101.325,1.0001776527094353,0.9877698357534417
0.9852857142857143,351.52716844381047,101.325,1.0001562407466775,0.9885198616043732
0.986265306122449,351.5217694133074,101.325,1.0001361943155007,0.9892716181032967
0.9872448979591837,351.51639082168504,101.325,1.0001175153019048,0.9900251155222773
0.9882244897959184,351.51103275183266,101.325,1.000100205602258,0.9907803641931617
0.989204081632653,351.50569528741494,101.325,1.0000842671233359,0.991537374508078
0.9901836734693877,351.5003785128768,101.325,1.0000697017823628,0.9922961569199548
0.9911632653061224,351.49508251344884,101.325,1.0000565115070525,0.9930567219430045
0.9921428571428571,351.489807375152,101.325,1.0000446982356501,0.9938190801532537
0.9931224489795918,351.4845531848037,101.325,1.0000342639169728,0.9945832421890628
0.9941020408163266,351.4793200300225,101.325,1.000025210510452,0.9953492187516332
0.9950816326530613,351.4741079992342,101.325,1.0000175399861744,0.9961170206055656
0.996061224489796,351.4689171816766,101.325,1.0000112543249253,0.9968866585793582
0.9970408163265306,351.4637476674055,101.325,1.0000063555182304,0.997658143565977
0.9980204081632653,351.4585995473,101.325,1.0000028455683976,0.9984314865233711
0.999,351.4534729130685,101.325,1.0000007264885613,0.9992066984750408
